{
  "jobstatus": [
    {
      "id": "1",
      "name": "Nieuw",
      "img": "ic_new_task"
    },
    {
      "id": "2",
      "name": "Geaccepteerd",
      "img": "ic_accepted_task"
    },
    {
      "id": "3",
      "name": "Weigeren",
      "img": "ic_rejected"
    },
    {
      "id": "4",
      "name": "annuleren",
      "img": "ic_cancel"
    },
    {
      "id": "5",
      "name": "Reizend",
      "img": "ic_travelling_small_icon"
    },
    {
      "id": "6",
      "name": "Breken",
      "img": "ic_break"
    },
    {
      "id": "7",
      "name": "Bezig",
      "img": "in_progress"
    },
    {
      "id": "8",
      "name": "Baan pauze",
      "img": "breake_job_his"
    },
    {
      "id": "9",
      "name": "Voltooid",
      "img": "ic_complete_task"
    },
    {
      "id": "10",
      "name": "Gesloten",
      "img": "ic_closed_small_icon"
    },
    {
      "id": "11",
      "name": "Multistatus",
      "img": "ic_multi_status"
    },
    {
      "id": "12",
      "name": "In de wacht",
      "img": "ic_pendng_task"
    }
  ]
}

